Latitude,Longitude,City,Country,Date,Cloudiness,Humidity,Max Temp,Wind Speed
-70.15104724896904,26.986246196294132,kruisfontein,za,2020-01-23,4,86,63.84,13.42
-75.89800733509817,5.550883476922877,hermanus,za,2020-01-23,0,80,70,11.99
-82.45165717504267,-60.13861996028932,ushuaia,ar,2020-01-23,75,71,50,24.16
83.50130934475865,-56.55468310152645,upernavik,gl,2020-01-23,44,59,-5.66,9.15
-29.975358720870176,-129.81890178956502,rikitea,pf,2020-01-23,0,77,79.5,16.91
-65.79909941870474,-125.08433350396152,rikitea,pf,2020-01-23,0,77,79.5,16.91
-65.44429312030086,-123.57017517310987,rikitea,pf,2020-01-23,0,77,79.5,16.91
7.815583932737965,-35.97059150937335,itarema,br,2020-01-23,91,81,80.33,6.53
-30.81055805268167,-97.18411415311925,lebu,cl,2020-01-23,0,45,72.34,9.8
72.02342156994331,110.19182732912185,saskylakh,ru,2020-01-23,53,93,-34.51,12.93
44.1629117684231,125.72437289989273,jiutai,cn,2020-01-23,0,58,-4,4.47
-27.684886683628648,-7.085590857799872,jamestown,sh,2020-01-23,100,72,74.01,11.95
36.803942661788625,-74.48289686749033,virginia beach,us,2020-01-23,90,81,48,6.93
-34.38171521107066,-8.759332551368516,jamestown,sh,2020-01-23,100,72,74.01,11.95
48.64656601348224,88.25718138929739,altay,cn,2020-01-23,100,78,10.06,5.3
-32.05915198391676,-63.97519412074392,rio tercero,ar,2020-01-23,0,18,97.25,12.03
-0.07057957937809078,111.82514278925828,sri aman,my,2020-01-23,100,100,75.2,2.68
45.419955186917065,-107.01168578102646,sheridan,us,2020-01-23,90,38,42.8,3.36
-1.659131156887824,39.56207727352995,witu,ke,2020-01-23,100,89,79.74,5.21
-45.29641125330102,-19.03200621751546,arraial do cabo,br,2020-01-23,90,94,73.4,2.24
8.693485428519793,-137.22123899799493,atuona,pf,2020-01-23,72,76,80.94,12.41
49.4334938593214,157.48253744658405,severo-kurilsk,ru,2020-01-23,84,82,13.28,8.12
36.705825435584,-61.20889365024598,saint george,bm,2020-01-23,90,77,64.99,28.86
73.40435845607979,88.51800761996964,talnakh,ru,2020-01-23,75,84,1.4,26.84
-23.217084285177293,157.01687608533564,hervey bay,au,2020-01-23,90,83,84,10.29
79.9694346352212,-163.9690707128551,barrow,us,2020-01-23,20,75,-16.6,9.17
47.42233903473959,66.70912786822092,zhezkazgan,kz,2020-01-23,100,93,20.73,12.48
25.45933385525788,-73.14342958069102,cockburn town,bs,2020-01-23,18,68,73.49,10.51
-19.121380775083153,165.83922541902848,fayaoue,nc,2020-01-23,0,75,77.56,15.12
-19.042369768074394,2.9518680729332516,jamestown,sh,2020-01-23,100,72,74.01,11.95
-32.88028687921136,67.03712691535327,mahebourg,mu,2020-01-23,75,94,80.01,2.24
-71.67052155872196,160.9657035989132,bluff,nz,2020-01-23,63,68,63.95,3.96
42.09775802987548,-131.03993077902527,coos bay,us,2020-01-23,90,87,63,4.7
-10.147186820479334,17.241908583703804,malanje,ao,2020-01-23,98,98,63.55,4.07
67.0604337336953,-4.130711949216334,klaksvik,fo,2020-01-23,54,86,33.8,32.21
0.24487018832235208,143.63951261829095,aitape,pg,2020-01-23,100,79,80.96,6.6
-56.84281484601728,-129.6600247053323,rikitea,pf,2020-01-23,0,77,79.5,16.91
63.417623005680156,-49.72224558030649,paamiut,gl,2020-01-23,100,75,27.27,39.08
-1.914726685682595,83.50168198086953,hambantota,lk,2020-01-23,5,100,77,8.05
-5.526759149525375,-97.77592009187107,puerto ayora,ec,2020-01-23,75,62,84.2,4.7
7.013510795794005,129.20839587392913,santiago,ph,2020-01-23,2,93,63.01,2.08
-47.86034646802608,91.71801249242952,busselton,au,2020-01-23,0,61,57.99,10.2
24.556447092484575,-77.11522894288449,nassau,bs,2020-01-23,20,60,75.2,12.75
-54.621012085068166,-27.773581846577486,chuy,uy,2020-01-23,0,65,75.65,13.53
-6.556613115360591,145.88823445011042,kainantu,pg,2020-01-23,100,93,59.83,3.4
71.756565439703,66.23432788730648,severnyy,ru,2020-01-23,75,85,23,6.71
31.4454663351288,129.06411900320347,ushibuka,jp,2020-01-23,100,82,60.04,10.31
-32.64108058584421,92.7399430597514,geraldton,au,2020-01-23,0,93,59,9.17
-39.34518024553586,-165.18478404601552,avarua,ck,2020-01-23,81,88,82.4,10.29
80.51497380861002,80.40769540958757,dikson,ru,2020-01-23,100,96,-11.16,13.65
-21.1278044456746,-8.806720282011327,jamestown,sh,2020-01-23,100,72,74.01,11.95
43.77701919356119,-9.205713810872453,carballo,es,2020-01-23,100,93,51.01,5.82
-65.14596108254753,-86.75883845861176,punta arenas,cl,2020-01-23,40,43,55.4,24.16
11.809994709356673,-63.451136000703386,la asuncion,ve,2020-01-23,40,74,84.2,9.01
-71.32236072523543,144.63909337719167,hobart,au,2020-01-23,40,54,61,18.34
-86.68651420008159,135.92149950356475,hobart,au,2020-01-23,40,54,61,18.34
78.1553851525374,-9.357146138786732,husavik,is,2020-01-23,90,71,32,48.32
-35.6858055008399,-11.635665009969216,jamestown,sh,2020-01-23,100,72,74.01,11.95
0.8727118230919046,-138.57077252356544,atuona,pf,2020-01-23,72,76,80.94,12.41
-1.15772108939872,25.880034370625197,kindu,cd,2020-01-23,100,73,75.99,1.7
-38.69185789349516,-135.60139906894136,rikitea,pf,2020-01-23,0,77,79.5,16.91
14.008630111718219,85.98249951404568,yarada,in,2020-01-23,20,100,66.2,2.24
16.8714587773339,-70.83699955821007,barahona,do,2020-01-23,40,78,80.6,11.41
5.111297427544358,148.86915031452236,lorengau,pg,2020-01-23,76,73,83.3,9.1
86.01987807439056,161.56223863402556,cherskiy,ru,2020-01-23,44,93,-37.68,4.9
-80.6764702692958,115.36628119898495,albany,au,2020-01-23,90,93,62.6,5.82
-48.922307420049314,-27.44018355998213,cidreira,br,2020-01-23,22,77,73.29,18.25
-39.81909010478149,-122.66468066609613,rikitea,pf,2020-01-23,0,77,79.5,16.91
54.64299190276844,-169.1396151126744,bethel,us,2020-01-23,1,55,41,2.19
47.192805816224904,-63.46967651284619,alberton,ca,2020-01-23,0,58,25,15.55
-84.69846980258757,135.34592451885447,hobart,au,2020-01-23,40,54,61,18.34
6.088274281583665,-136.41693082837406,atuona,pf,2020-01-23,72,76,80.94,12.41
-6.091744883706667,162.2311658286286,auki,sb,2020-01-23,0,64,84.2,7.58
-88.43320986233144,163.80012826836492,bluff,nz,2020-01-23,63,68,63.95,3.96
68.72498271394053,-69.41348202761101,clyde river,ca,2020-01-23,40,75,-20.2,17.22
44.97698489377288,-51.044341210255766,torbay,ca,2020-01-23,75,79,26.01,13.87
11.028320378654115,37.43212610509906,adet,et,2020-01-23,30,45,58.39,2.46
-15.154222456144481,-3.3272609129895443,jamestown,sh,2020-01-23,100,72,74.01,11.95
-15.299266074786672,136.38923328076436,alyangula,au,2020-01-23,40,83,84.2,8.05
64.87501523913525,32.2712444892631,muyezerskiy,ru,2020-01-23,100,92,22.41,11.7
-34.61049668295401,-58.92378141238072,lujan,ar,2020-01-23,0,51,87.01,8.05
-16.047719900302155,-87.08364028709227,hualmay,pe,2020-01-23,86,67,75.38,7.02
52.98053712103092,-107.3163086851897,langham,ca,2020-01-23,40,79,25,6.93
19.603157901574775,-4.941520220660578,araouane,ml,2020-01-23,37,14,78.82,5.77
-26.809740353410433,-173.0652634220982,vaini,to,2020-01-23,20,78,82.4,6.93
-78.4190407240785,85.32351669896809,busselton,au,2020-01-23,0,61,57.99,10.2
-74.68172408604852,99.21294568329023,albany,au,2020-01-23,90,93,62.6,5.82
63.29378501230437,128.18294753757414,sangar,ru,2020-01-23,93,99,-39.32,2.82
-74.80513763924668,33.02838645282077,port elizabeth,za,2020-01-23,11,88,64.4,10.29
-19.43005081824363,138.36244849428442,mount isa,au,2020-01-23,90,83,80.6,8.05
-78.98379458263844,-56.39379685922367,ushuaia,ar,2020-01-23,75,71,50,24.16
73.09318273410017,6.869212675915037,sorland,no,2020-01-23,75,64,37.4,19.46
-73.04908770693672,-68.90407728169318,ushuaia,ar,2020-01-23,75,71,50,24.16
-17.53664324184119,-131.20526803087773,rikitea,pf,2020-01-23,0,77,79.5,16.91
-61.69847715715083,73.39680501728614,saint-philippe,re,2020-01-23,100,94,78.8,1.12
-49.18985538259698,-64.15973588882468,comodoro rivadavia,ar,2020-01-23,100,20,77,26.4
-49.22418756846863,-34.736642612930325,chuy,uy,2020-01-23,0,65,75.65,13.53
-10.605003261223885,13.875381200681005,sumbe,ao,2020-01-23,92,87,77.68,2.59
-88.59484693119276,0.1549442625365316,hermanus,za,2020-01-23,0,80,70,11.99
63.05963326152235,-21.463743588654182,eyrarbakki,is,2020-01-23,75,80,30.2,32.21
-9.517748370259696,142.2048635026195,daru,pg,2020-01-23,84,85,78.73,1.74
0.872092204027993,-16.254408343680268,mattru,sl,2020-01-23,98,73,78.89,3.74
-67.12704790475544,98.63101924936183,busselton,au,2020-01-23,0,61,57.99,10.2
-21.54957730850964,106.97861151677876,carnarvon,au,2020-01-23,0,69,75.2,10.29
-81.47967358382155,52.602970004493045,port alfred,za,2020-01-23,83,89,66,4
-88.87390097784133,145.89887863247492,hobart,au,2020-01-23,40,54,61,18.34
0.6955112747113645,-20.40093389111547,bonthe,sl,2020-01-23,100,74,79.81,7.67
-50.298078882042816,8.962997269129346,cape town,za,2020-01-23,0,68,70,6.93
79.18378542855137,103.03837784373349,khatanga,ru,2020-01-23,100,86,-25.46,9.04
10.211115732608945,-103.90305844465662,san jeronimo,mx,2020-01-23,5,41,77,3.22
-75.49378900431105,-174.7070303665698,vaini,to,2020-01-23,20,78,82.4,6.93
49.835174269142755,48.254262541919786,aleksandrov gay,ru,2020-01-23,0,92,18.27,9.98
-52.145475628343114,-2.29111601860086,cape town,za,2020-01-23,0,68,70,6.93
62.63969032493239,5.638797847119548,ulsteinvik,no,2020-01-23,75,86,42.01,21.92
-73.90723413197361,20.51699980426548,bredasdorp,za,2020-01-23,57,77,68,11.41
1.9306371945775993,133.38626716078403,manokwari,id,2020-01-23,27,85,72.57,3.4
-57.13365262056788,-40.83867759650306,mar del plata,ar,2020-01-23,40,55,93,17.22
31.568735971736174,-83.84662565422076,albany,us,2020-01-23,90,47,36,3.36
-44.573121272295985,-58.69719111453165,viedma,ar,2020-01-23,35,41,79.03,19.89
45.86393589453985,18.348008862244882,siklos,hu,2020-01-23,0,92,26.01,6.93
-5.69978671385779,-49.66886387950029,itupiranga,br,2020-01-23,75,100,80.6,4.32
-22.21045699057254,-130.89531923840633,rikitea,pf,2020-01-23,0,77,79.5,16.91
-50.10160725566046,-135.65898098524985,rikitea,pf,2020-01-23,0,77,79.5,16.91
-86.70265797114355,81.70958039953865,busselton,au,2020-01-23,0,61,57.99,10.2
43.56997345430639,125.68738792608804,shuangyang,cn,2020-01-23,0,58,-4,4.47
-85.47345757999729,162.9469873868626,bluff,nz,2020-01-23,63,68,63.95,3.96
37.793875678434986,77.97255897812687,shache,cn,2020-01-23,0,65,21.38,1.54
-67.86099602895334,-97.87443247185979,punta arenas,cl,2020-01-23,40,43,55.4,24.16
-40.29054562300859,-114.76803857054199,rikitea,pf,2020-01-23,0,77,79.5,16.91
-84.77644591037547,160.869797823203,bluff,nz,2020-01-23,63,68,63.95,3.96
68.31624015307565,169.11964223975656,pevek,ru,2020-01-23,100,100,-27.02,3.96
82.68475510482295,-138.15542115302858,tuktoyaktuk,ca,2020-01-23,75,75,-16.6,4.7
-11.069887880307803,-12.275005559526846,georgetown,sh,2020-01-23,70,84,79.12,19.62
-19.24560732156276,127.33708520305066,kununurra,au,2020-01-23,74,88,78.8,4.7
45.89517505150599,-27.735038225582628,lagoa,pt,2020-01-23,47,66,57.33,9.22
-57.87264097344783,95.33353352796541,busselton,au,2020-01-23,0,61,57.99,10.2
-36.18403427785459,8.631332649762243,saldanha,za,2020-01-23,27,53,73.4,6.93
-43.81318826704175,126.82667298902942,esperance,au,2020-01-23,90,87,60.8,10.29
-9.189207164084209,-157.16323333171727,faanui,pf,2020-01-23,20,76,81.99,10.98
35.812505960536924,-43.78218992719951,torbay,ca,2020-01-23,75,79,26.01,13.87
48.36953176225623,161.68620647429105,petropavlovsk-kamchatskiy,ru,2020-01-23,0,69,-9.4,6.71
-34.908075471093845,-59.74375037696551,chivilcoy,ar,2020-01-23,0,19,97.77,9.57
-24.86878238495649,-78.37838229137516,taltal,cl,2020-01-23,12,63,72.37,6.38
-75.90493783091551,108.97904654095896,albany,au,2020-01-23,90,93,62.6,5.82
79.2401091957295,-115.71100012909172,yellowknife,ca,2020-01-23,40,76,-4,8.05
-85.90566447542163,159.35833534382,bluff,nz,2020-01-23,63,68,63.95,3.96
-62.53837389238956,143.48477268651965,hobart,au,2020-01-23,40,54,61,18.34
-84.23419949300147,-72.83576723582198,ushuaia,ar,2020-01-23,75,71,50,24.16
36.411181877640075,80.13405352175897,leh,in,2020-01-23,0,56,-17.05,3.91
-0.1369467930981898,72.50090351981794,hithadhoo,mv,2020-01-23,0,79,84.09,14.65
-21.123029176347714,0.4432734576350015,jamestown,sh,2020-01-23,100,72,74.01,11.95
81.19840170429339,-141.09175634347,tuktoyaktuk,ca,2020-01-23,75,75,-16.6,4.7
-5.243140821075869,77.89283162576805,hithadhoo,mv,2020-01-23,0,79,84.09,14.65
-34.429468941723385,-158.8719626473631,avarua,ck,2020-01-23,81,88,82.4,10.29
-81.9838302339638,172.748042171468,bluff,nz,2020-01-23,63,68,63.95,3.96
52.26235734124887,-147.1519156724188,kodiak,us,2020-01-23,1,48,19.4,26.4
-80.97617240865982,-64.25515913646889,ushuaia,ar,2020-01-23,75,71,50,24.16
61.96972125152084,64.33951223548922,kommunisticheskiy,ru,2020-01-23,100,95,8.62,6.78
30.611959601718752,-176.51739461594764,kapaa,us,2020-01-23,75,65,78.8,12.75
52.133964966328904,121.14133010455265,genhe,cn,2020-01-23,0,91,-21.89,3.67
-0.15839628607103862,-150.24797939881918,atuona,pf,2020-01-23,72,76,80.94,12.41
-17.43261454499742,165.32258952807024,norsup,vu,2020-01-23,40,78,82.4,2.24
48.584047276763016,-108.7086468971531,havre,us,2020-01-23,1,69,39,9.17
-7.747217491158537,-145.77005367411277,atuona,pf,2020-01-23,72,76,80.94,12.41
-49.709551619595075,-67.26359935008026,rio gallegos,ar,2020-01-23,75,47,55.4,31.09
-36.93498372832012,37.22685871591656,margate,za,2020-01-23,97,62,74.88,9.24
-72.90645159887487,78.31917013544938,busselton,au,2020-01-23,0,61,57.99,10.2
25.83894030110514,119.01019013246935,fuzhou,cn,2020-01-23,90,93,57.2,8.95
-83.50957931737447,-67.89390033564305,ushuaia,ar,2020-01-23,75,71,50,24.16
82.18370979199662,172.55110065179588,pevek,ru,2020-01-23,100,100,-27.02,3.96
21.8326536003041,125.69777539756456,ishigaki,jp,2020-01-23,20,93,64.4,2.24
14.158834970902944,34.29618252530662,wad madani,sd,2020-01-23,0,20,59.7,14.97
-53.474167362637544,-115.82382998914025,rikitea,pf,2020-01-23,0,77,79.5,16.91
-5.886110851554605,-23.48759595809156,georgetown,sh,2020-01-23,70,84,79.12,19.62
74.04836966369342,84.50281475475327,dikson,ru,2020-01-23,100,96,-11.16,13.65
53.977670830550835,34.8661430806568,duminichi,ru,2020-01-23,55,80,22.98,7.25
-52.80244434031532,92.44598320969055,busselton,au,2020-01-23,0,61,57.99,10.2
-27.089819596786725,-69.18690818106832,diego de almagro,cl,2020-01-23,15,45,77.58,16.24
-11.413641691006859,-26.626409870356696,tamandare,br,2020-01-23,96,78,81.97,16.44
-51.93392336713823,-6.58668815987312,cape town,za,2020-01-23,0,68,70,6.93
59.16273765916645,39.25773187254407,molochnoye,ru,2020-01-23,100,90,18.68,7.16
-22.68097345137373,64.92962201133318,bambous virieux,mu,2020-01-23,75,94,80.01,2.24
-82.51151533197488,164.58049073998774,bluff,nz,2020-01-23,63,68,63.95,3.96
-58.6464703367216,-48.22874184514032,ushuaia,ar,2020-01-23,75,71,50,24.16
2.289437942532203,135.90407745719716,biak,id,2020-01-23,41,71,80.62,5.55
32.153590030757485,-38.65331103737864,ribeira grande,pt,2020-01-23,75,67,57.2,5.82
52.694695521500165,-23.78896927005019,grindavik,is,2020-01-23,90,74,30.2,43.62
47.021297984093934,150.72860365057227,vostok,ru,2020-01-23,100,98,-5.62,8.72
-25.174547444764713,148.80934493820507,roma,au,2020-01-23,100,75,78.26,16.42
3.551080757090432,-120.90008629934398,cabo san lucas,mx,2020-01-23,20,60,73,10.29
-42.29085175630558,-119.79218556149925,rikitea,pf,2020-01-23,0,77,79.5,16.91
-15.62425534225703,-42.35937811441249,rio pardo de minas,br,2020-01-23,100,94,68.04,9.17
-73.76591321992953,90.2398830711071,busselton,au,2020-01-23,0,61,57.99,10.2
-21.639127860978206,45.64909895850269,beroroha,mg,2020-01-23,99,83,73.38,5.46
-56.55551401789879,146.83407746655752,hobart,au,2020-01-23,40,54,61,18.34
-42.738665956283846,25.696314235480656,kruisfontein,za,2020-01-23,4,86,63.84,13.42
-78.14923309463495,-140.33551767863332,rikitea,pf,2020-01-23,0,77,79.5,16.91
41.33691197330367,29.38168188269043,sile,tr,2020-01-23,40,60,46,3.36
-15.317715981607094,160.54468578336218,kirakira,sb,2020-01-23,0,80,80.02,4.23
-3.8034300369693312,-121.31670405352308,atuona,pf,2020-01-23,72,76,80.94,12.41
-72.38361152181079,-87.69365646195867,punta arenas,cl,2020-01-23,40,43,55.4,24.16
-31.094382637767275,-87.21094539858316,lebu,cl,2020-01-23,0,45,72.34,9.8
-65.67610992887896,176.8052831162002,kaitangata,nz,2020-01-23,97,71,66.99,5.26
-70.44737167620686,-106.86984565566893,punta arenas,cl,2020-01-23,40,43,55.4,24.16
-45.966404792629966,91.56121316657914,busselton,au,2020-01-23,0,61,57.99,10.2
-76.63101721750306,-18.833938283922862,ushuaia,ar,2020-01-23,75,71,50,24.16
57.522056843447785,-106.0179653389874,la ronge,ca,2020-01-23,90,85,21.2,5.82
-13.866836571761354,153.8759562276344,samarai,pg,2020-01-23,70,81,78.24,2.62
6.048302464383795,-100.31557672951826,puerto escondido,mx,2020-01-23,75,69,82.4,9.17
-31.541853622079316,-22.363079796239305,vila velha,br,2020-01-23,90,88,77,10.29
17.707877574205952,-116.24920650273882,cabo san lucas,mx,2020-01-23,20,60,73,10.29
-28.945149399142373,147.7161330729329,moree,au,2020-01-23,40,83,75.2,14.99
83.47027401244583,-57.72556130541234,upernavik,gl,2020-01-23,44,59,-5.66,9.15
57.73323679226041,53.13505086909839,fakel,ru,2020-01-23,91,97,8.4,6.46
-33.12064763123243,-7.133738539884092,jamestown,sh,2020-01-23,100,72,74.01,11.95
53.41298994555021,35.38768459262408,khotynets,ru,2020-01-23,0,84,19.24,9.04
64.15360129094213,2.35480194422189,raudeberg,no,2020-01-23,75,93,41,18.34
-41.81176789260983,89.89064977918127,busselton,au,2020-01-23,0,61,57.99,10.2
-24.082947499075374,-161.42151833111149,avarua,ck,2020-01-23,81,88,82.4,10.29
-13.808866291771835,-73.68532525961884,talavera,pe,2020-01-23,79,71,60.15,8.19
-37.28479627859741,31.179758425660765,east london,za,2020-01-23,72,80,71.08,16.8
-88.02972673424121,-122.62918283821406,punta arenas,cl,2020-01-23,40,43,55.4,24.16
33.01149669457695,86.22317600954767,pokhara,np,2020-01-23,5,92,45.32,1.36
45.028339205919366,133.5402469111957,kirovskiy,ru,2020-01-23,0,88,-0.33,8.21
-49.004895461735956,-40.74366136504938,rocha,uy,2020-01-23,0,53,77.63,14.29
-17.16290517935002,160.04714511543858,poum,nc,2020-01-23,36,80,79.03,22.01
-49.46802342260669,175.6802941032738,dunedin,nz,2020-01-23,100,71,66.99,3.15
-32.49759079963176,118.93873055792136,northam,au,2020-01-23,0,64,68,17.22
81.95345006396309,176.8545196345957,leningradskiy,ru,2020-01-23,21,90,-25.42,1.12
-68.77797006382877,130.78367018122924,new norfolk,au,2020-01-23,40,54,61,17.22
-9.959507823035196,-129.77554543898432,atuona,pf,2020-01-23,72,76,80.94,12.41
78.83055160623874,-64.87694222177244,narsaq,gl,2020-01-23,100,57,21.2,17.22
-13.818450678016106,82.6779103043749,hithadhoo,mv,2020-01-23,0,79,84.09,14.65
-31.166917272866023,65.1041629951915,mahebourg,mu,2020-01-23,75,94,80.01,2.24
35.596941932671484,59.56263696263872,mashhad,ir,2020-01-23,0,69,39.2,4.7
-12.414811589940129,-146.71806067112007,tiarei,pf,2020-01-23,75,70,87.8,13.87
-51.84353668620726,87.47954845869259,busselton,au,2020-01-23,0,61,57.99,10.2
67.98146077568722,147.2658942522113,belaya gora,ru,2020-01-23,61,84,-33.2,2.71
65.91765843793749,61.50894714576614,verkhnyaya inta,ru,2020-01-23,100,96,7.74,2.1
-11.052621870547782,33.945296146713844,rumphi,mw,2020-01-23,89,96,60.87,0.31
-77.52788517132862,47.89034536530235,port alfred,za,2020-01-23,83,89,66,4
-17.249531959112474,-163.61061558074223,avarua,ck,2020-01-23,81,88,82.4,10.29
-6.833400389114246,33.36442974093475,mgandu,tz,2020-01-23,100,85,63.68,2.3
-47.37455424887038,114.80903265696634,albany,au,2020-01-23,90,93,62.6,5.82
-63.55588592577883,80.04613783428078,busselton,au,2020-01-23,0,61,57.99,10.2
73.48865549319262,-43.39486661723791,ilulissat,gl,2020-01-23,100,56,12.2,21.92
-30.01609844182623,-88.30453042766575,lebu,cl,2020-01-23,0,45,72.34,9.8
64.10501531090449,179.75107231990233,beringovskiy,ru,2020-01-23,100,95,3.7,8.75
88.71923651047746,114.57376583451651,saskylakh,ru,2020-01-23,53,93,-34.51,12.93
-84.37715022476016,47.57171733375989,port alfred,za,2020-01-23,83,89,66,4
79.93221769192672,-104.59956899355436,yellowknife,ca,2020-01-23,40,76,-4,8.05
11.714894552129437,-140.11204594184233,hilo,us,2020-01-23,90,61,80.6,9.17
34.56336053835469,-154.99152864775368,kapaa,us,2020-01-23,75,65,78.8,12.75
32.645395101928926,163.41582398917706,severo-kurilsk,ru,2020-01-23,84,82,13.28,8.12
43.98564610068769,118.8486121981233,chifeng,cn,2020-01-23,0,76,7.16,1.79
-81.8335736933389,7.410472482450416,hermanus,za,2020-01-23,0,80,70,11.99
-75.76657711232674,-169.62658133892273,vaini,to,2020-01-23,20,78,82.4,6.93
-80.10499286619016,46.51968868187285,port alfred,za,2020-01-23,83,89,66,4
28.831733637980108,108.09158781543692,longhua,cn,2020-01-23,27,93,63.27,1.86
-56.720314888977235,86.49691566621993,busselton,au,2020-01-23,0,61,57.99,10.2
62.177667732833726,-136.3561346597641,mayo,ca,2020-01-23,90,77,6.8,2.24
-44.68900648748941,-117.27592893280223,rikitea,pf,2020-01-23,0,77,79.5,16.91
-29.409192412149814,-172.8033139872943,vaini,to,2020-01-23,20,78,82.4,6.93
-63.07782017993199,87.08946206200841,busselton,au,2020-01-23,0,61,57.99,10.2
-80.09276879945014,136.14232311927526,hobart,au,2020-01-23,40,54,61,18.34
-41.13005402458703,64.93802091525464,saint-philippe,re,2020-01-23,100,94,78.8,1.12
26.625741825716702,135.89776452288646,naze,jp,2020-01-23,75,93,66.2,4.7
-66.2211573460633,40.53640729082821,port alfred,za,2020-01-23,83,89,66,4
51.22259351094635,-159.76344511706077,bethel,us,2020-01-23,1,55,41,2.19
-54.00596726047108,165.94278028494097,bluff,nz,2020-01-23,63,68,63.95,3.96
-7.0793389731443455,85.70437024164903,hambantota,lk,2020-01-23,5,100,77,8.05
-8.302346941946368,-147.33070460524166,atuona,pf,2020-01-23,72,76,80.94,12.41
36.44176302375317,44.44191532239515,irbil,iq,2020-01-23,75,87,44.6,17.22
17.875219733942643,77.27612678237875,bhalki,in,2020-01-23,0,50,67.48,6.73
45.831052022524915,-68.5270677014304,millinocket,us,2020-01-23,1,59,37.4,3.36
-51.09787895143849,72.56436915737603,souillac,mu,2020-01-23,75,94,80.01,2.24
49.669652476575834,172.13590078365786,nikolskoye,ru,2020-01-23,90,89,33.01,8.95
16.876008566126032,28.84054382253865,marawi,sd,2020-01-23,0,26,53.02,10.29
-69.33347423383275,-7.2649239375315915,cape town,za,2020-01-23,0,68,70,6.93
-17.816399048011064,154.08078408598817,mackay,au,2020-01-23,100,74,87.01,5.82
43.345330194226165,-144.8797883225609,kodiak,us,2020-01-23,1,48,19.4,26.4
50.160932571886406,-122.79153646852916,pemberton,ca,2020-01-23,90,100,37.99,2.68
-38.65723003247836,74.56330927836888,mahebourg,mu,2020-01-23,75,94,80.01,2.24
75.72386527565203,-61.99631838604688,upernavik,gl,2020-01-23,44,59,-5.66,9.15
-37.75252905070522,-35.29133600864941,arraial do cabo,br,2020-01-23,90,94,73.4,2.24
22.43052477914128,-91.7799653520803,celestun,mx,2020-01-23,0,72,72.21,12.64
-1.7759931843807806,77.53852189698591,hithadhoo,mv,2020-01-23,0,79,84.09,14.65
-24.51508788951793,24.055505146256394,sekoma,bw,2020-01-23,59,53,75.52,13.78
50.647813375229106,-136.12836534745287,sitka,us,2020-01-23,90,86,41,21.92
38.63047979720977,141.09309812750087,kogota,jp,2020-01-23,75,100,33.8,1.12
-36.308561351620796,100.71791895603809,busselton,au,2020-01-23,0,61,57.99,10.2
46.80110295514473,-61.01641059201755,inverness,ca,2020-01-23,90,89,35.01,10.29
71.17404484739194,108.38230968485198,saskylakh,ru,2020-01-23,53,93,-34.51,12.93
-29.11082681328002,-172.2123102010718,vaini,to,2020-01-23,20,78,82.4,6.93
-9.102519379615131,95.48738511195029,bengkulu,id,2020-01-23,91,93,73.54,3.62
-72.25727085207893,-10.090896350270327,cape town,za,2020-01-23,0,68,70,6.93
-32.7963624220956,131.70512425350785,flinders,au,2020-01-23,40,69,73.4,13.87
33.28057840305475,-154.73907120104812,kapaa,us,2020-01-23,75,65,78.8,12.75
87.69988888924755,157.01084284353618,chokurdakh,ru,2020-01-23,15,94,-33.03,8.32
-11.761261969258996,19.30260047804913,luena,ao,2020-01-23,99,89,64,0.89
-70.40804109639879,-46.11042327717962,ushuaia,ar,2020-01-23,75,71,50,24.16
-42.60720122485971,23.491479551957525,plettenberg bay,za,2020-01-23,1,83,66.31,11.32
-6.739607085216363,-9.026349643029278,georgetown,sh,2020-01-23,70,84,79.12,19.62
-11.115474404797723,42.950591007688985,mitsamiouli,km,2020-01-23,100,83,79.93,13.6
43.20752220369812,-86.75617847642617,norton shores,us,2020-01-23,90,86,37.4,5.82
-20.825494536183058,121.12961825695311,port hedland,au,2020-01-23,22,94,80.6,4.7
78.80397790900699,-119.55908287093291,norman wells,ca,2020-01-23,90,84,-2.2,4.7
-43.157060970110756,-47.03967593915894,rocha,uy,2020-01-23,0,53,77.63,14.29
49.323042745464136,33.049741271376774,hlobyne,ua,2020-01-23,0,71,28.76,10
-19.003297313943534,-10.803854430898781,jamestown,sh,2020-01-23,100,72,74.01,11.95
7.083666553477627,51.57358417618437,eyl,so,2020-01-23,65,83,78.51,22.86
-81.14536814503138,110.21359324992693,albany,au,2020-01-23,90,93,62.6,5.82
85.74934954370738,-135.17679464969268,tuktoyaktuk,ca,2020-01-23,75,75,-16.6,4.7
51.39998447680284,-76.6391855340251,matagami,ca,2020-01-23,90,85,14,5.82
-55.153545657108104,6.149637798224461,hermanus,za,2020-01-23,0,80,70,11.99
38.163163399066576,-2.7474821162048784,villacarrillo,es,2020-01-23,12,83,46,5.53
-41.60784075607789,-93.90761634536204,ancud,cl,2020-01-23,1,46,69.8,10.29
-89.57129991073845,-82.22494181279781,ushuaia,ar,2020-01-23,75,71,50,24.16
-72.1991417420943,-49.81273604896134,ushuaia,ar,2020-01-23,75,71,50,24.16
-21.280592044922145,177.03389164723467,isangel,vu,2020-01-23,20,69,82.4,5.82
5.993004830441734,-27.51993428626585,sao filipe,cv,2020-01-23,3,78,71.82,10.33
15.155297298725245,72.8475229702596,candolim,in,2020-01-23,37,83,77,3.36
52.010393121934584,-104.82596025351387,lanigan,ca,2020-01-23,96,94,21.47,8.1
80.84759091745084,-144.10568585521565,aklavik,ca,2020-01-23,75,75,-11.2,2.24
58.91931996447403,163.02805085743984,ossora,ru,2020-01-23,100,84,-13.47,7.38
-46.78169482125221,-52.38263021582193,mar del plata,ar,2020-01-23,40,55,93,17.22
-13.786015397353935,132.02407136342538,katherine,au,2020-01-23,90,83,82.4,8.05
-6.055196231577767,86.12822439220889,hambantota,lk,2020-01-23,5,100,77,8.05
-64.13638200398809,121.34835559747233,albany,au,2020-01-23,90,93,62.6,5.82
-17.577114241888395,-175.67915782808566,neiafu,to,2020-01-23,20,69,82.4,5.82
39.11676181957887,-32.083205427757065,ribeira grande,pt,2020-01-23,75,67,57.2,5.82
-32.38361528157275,5.56691886530254,luderitz,na,2020-01-23,0,82,68,2.24
-87.21330555297583,-133.4386557323893,rikitea,pf,2020-01-23,0,77,79.5,16.91
-34.94640071741901,106.19139345981847,busselton,au,2020-01-23,0,61,57.99,10.2
40.67047906567703,-174.46874026567264,provideniya,ru,2020-01-23,75,70,-2.2,4.47
44.99652208569336,93.69327340142951,hami,cn,2020-01-23,100,72,10.06,3.13
31.410128392161965,-49.656550055152906,saint george,bm,2020-01-23,90,77,64.99,28.86
18.390630465677276,60.166093027450586,sur,om,2020-01-23,2,78,66.72,9.06
-78.29897925020408,134.84610346042348,hobart,au,2020-01-23,40,54,61,18.34
11.689295152834688,147.937533091575,lorengau,pg,2020-01-23,76,73,83.3,9.1
62.15403696870652,-98.45466476428969,thompson,ca,2020-01-23,20,72,10.4,5.82
72.244519479958,24.49108030881561,havoysund,no,2020-01-23,40,86,28.4,14.99
-75.7799892231523,153.60548283423236,bluff,nz,2020-01-23,63,68,63.95,3.96
-66.14259080019448,-64.77064752528929,ushuaia,ar,2020-01-23,75,71,50,24.16
-44.87587800131364,149.94751170379266,hobart,au,2020-01-23,40,54,61,18.34
-80.03277998616298,-19.175228211648488,ushuaia,ar,2020-01-23,75,71,50,24.16
4.3992653309333605,-144.9863262485304,atuona,pf,2020-01-23,72,76,80.94,12.41
48.26897607309584,21.215368131286112,abaujszanto,hu,2020-01-23,19,92,28,2.24
-72.73583299533409,-22.447052479423178,ushuaia,ar,2020-01-23,75,71,50,24.16
43.66112903995591,-105.13249478551461,gillette,us,2020-01-23,1,41,39.2,10.29
-88.57777205003653,77.47315304056559,busselton,au,2020-01-23,0,61,57.99,10.2
78.1669512646894,148.35223480616668,chokurdakh,ru,2020-01-23,15,94,-33.03,8.32
33.114086077871846,97.86813567166746,xining,cn,2020-01-23,100,94,15.73,0.69
-0.20193735535291069,22.232705569991396,boende,cd,2020-01-23,82,36,77.07,1.25
-38.197975005233104,-38.237968999415045,laguna,br,2020-01-23,100,96,66.09,0.45
1.0231268942128509,-96.96822468812259,puerto ayora,ec,2020-01-23,75,62,84.2,4.7
16.55568641696837,-122.31986127704478,constitucion,mx,2020-01-23,5,9,69.8,3.36
-70.0469044870583,90.5965831421097,busselton,au,2020-01-23,0,61,57.99,10.2
9.74043151469823,-159.8734103064855,hilo,us,2020-01-23,90,61,80.6,9.17
23.001618298419714,-72.82569833448323,cockburn town,bs,2020-01-23,18,68,73.49,10.51
-24.767690708805176,-126.85100087389452,rikitea,pf,2020-01-23,0,77,79.5,16.91
-56.82658655274375,126.04634461802914,albany,au,2020-01-23,90,93,62.6,5.82
61.070045303297775,88.55765943281659,teguldet,ru,2020-01-23,100,94,26.08,13.38
-31.5636562710081,8.924525974697474,luderitz,na,2020-01-23,0,82,68,2.24
28.87010007673338,-150.08164653337874,kahului,us,2020-01-23,1,54,80.6,9.17
-9.19061231188509,10.592729573581437,luanda,ao,2020-01-23,20,78,82.4,9.17
-47.85120460914788,179.35755197653322,waipawa,nz,2020-01-23,73,77,68,12.75
13.494035948525067,-105.7167694793918,coahuayana,mx,2020-01-23,90,64,75.2,5.82
-32.882552794200826,76.79877335279548,bambous virieux,mu,2020-01-23,75,94,80.01,2.24
-78.89317568783868,148.7161891150946,hobart,au,2020-01-23,40,54,61,18.34
29.428834253822572,-50.777232786252284,saint george,bm,2020-01-23,90,77,64.99,28.86
-11.183670143447515,43.60518321956948,mitsamiouli,km,2020-01-23,100,83,79.93,13.6
-16.882565711399792,58.210042879480426,cap malheureux,mu,2020-01-23,75,94,80.01,2.24
-70.8422637816543,15.505178147680112,bredasdorp,za,2020-01-23,57,77,68,11.41
3.0056446130626284,-112.85413490599166,san patricio,mx,2020-01-23,90,70,84.2,5.75
15.279003173112073,23.115394508299943,kutum,sd,2020-01-23,0,27,45.25,7.25
-45.29282160196042,16.975846905734556,hermanus,za,2020-01-23,0,80,70,11.99
-71.79031560669847,107.8918361352496,albany,au,2020-01-23,90,93,62.6,5.82
-23.025482804345586,-55.31394473185844,amambai,br,2020-01-23,94,86,72.3,9.93
-22.025991815952878,-25.34960685121311,caravelas,br,2020-01-23,100,85,78.24,28.72
-44.71457098503967,-118.87391192414522,rikitea,pf,2020-01-23,0,77,79.5,16.91
84.60973651263532,-94.27627375626673,qaanaaq,gl,2020-01-23,0,68,-10.84,6.02
80.00541614948884,-123.60594561777657,tuktoyaktuk,ca,2020-01-23,75,75,-16.6,4.7
-30.461593639176968,-115.90396765991866,rikitea,pf,2020-01-23,0,77,79.5,16.91
-18.892915136810117,162.1423925959121,poum,nc,2020-01-23,36,80,79.03,22.01
-4.8993912847645475,90.68154317695172,padang,id,2020-01-23,9,94,68.59,4.47
-21.846868351977392,-156.00219759495064,avarua,ck,2020-01-23,81,88,82.4,10.29
14.085435856341249,-130.6873868038801,guerrero negro,mx,2020-01-23,0,38,70.81,3.83
14.420390044428956,44.47408114352456,yarim,ye,2020-01-23,3,82,53.58,1.92
37.27279624721322,167.82475933467924,severo-kurilsk,ru,2020-01-23,84,82,13.28,8.12
82.00606758003639,-99.61743942127498,yellowknife,ca,2020-01-23,40,76,-4,8.05
77.96696016008488,-155.0002419750694,barrow,us,2020-01-23,20,75,-16.6,9.17
-16.236300312004715,-129.79021290872933,rikitea,pf,2020-01-23,0,77,79.5,16.91
54.84187662418043,64.76369104099192,glyadyanskoye,ru,2020-01-23,67,92,10.96,6.85
-70.8263132794296,-37.22947611218444,ushuaia,ar,2020-01-23,75,71,50,24.16
33.62352704142813,50.02727508266989,khomeyn,ir,2020-01-23,10,83,18.64,7.94
39.659245638308505,21.6498488169822,kalambaka,gr,2020-01-23,20,86,39,2.57
7.907133282708017,40.34877463426042,robe,et,2020-01-23,100,67,50.7,2.15
28.859354786437763,-130.2460698470744,lompoc,us,2020-01-23,1,63,75,6.93
-15.685908085781023,117.74492866386026,port hedland,au,2020-01-23,22,94,80.6,4.7
-34.94516359110715,-55.42699982512816,maldonado,uy,2020-01-23,0,61,78.8,17.22
-54.63252367109476,-15.16759103561074,cape town,za,2020-01-23,0,68,70,6.93
-76.92639622561654,138.6376996044835,hobart,au,2020-01-23,40,54,61,18.34
-3.041878045499672,70.07112615228397,hithadhoo,mv,2020-01-23,0,79,84.09,14.65
64.60108646332483,104.86384970692706,yerbogachen,ru,2020-01-23,66,96,-15.38,5.73
-17.84369701914507,143.11652216490444,atherton,au,2020-01-23,90,88,82.4,2.24
79.77351578440678,78.2915966102704,dikson,ru,2020-01-23,100,96,-11.16,13.65
-66.96747941252369,179.12645738678282,kaitangata,nz,2020-01-23,97,71,66.99,5.26
-85.18789444475732,176.37364707895534,bluff,nz,2020-01-23,63,68,63.95,3.96
19.52342021067318,51.913208031342435,salalah,om,2020-01-23,75,78,75.2,3.36
-11.638147567845593,133.9635709438163,maningrida,au,2020-01-23,100,78,84.51,18.77
86.90383639023682,16.432843721111425,longyearbyen,sj,2020-01-23,20,71,6.8,41.38
74.84892464006657,-122.47153721138051,norman wells,ca,2020-01-23,90,84,-2.2,4.7
-52.854300727101396,94.62797546313118,busselton,au,2020-01-23,0,61,57.99,10.2
1.6817926643800405,-48.60778571499594,amapa,br,2020-01-23,46,65,82.65,4.85
45.82283390331628,-76.77699847019167,pembroke,ca,2020-01-23,1,64,34,2.24
72.08879308748084,129.05321979654684,tiksi,ru,2020-01-23,8,83,-28.89,3.62
83.31637553705406,144.0640180999091,chokurdakh,ru,2020-01-23,15,94,-33.03,8.32
87.95982496006962,23.983975397485892,longyearbyen,sj,2020-01-23,20,71,6.8,41.38
54.63108020997697,-17.00105826745329,dingle,ie,2020-01-23,3,92,48.49,1.74
-7.301801628192152,85.23836051946205,hithadhoo,mv,2020-01-23,0,79,84.09,14.65
55.275859393423104,10.943513501257172,nyborg,dk,2020-01-23,100,100,41,8.05
-86.95271451961825,-125.45938671310354,punta arenas,cl,2020-01-23,40,43,55.4,24.16
-82.5263651402565,3.4661459928510965,hermanus,za,2020-01-23,0,80,70,11.99
-41.622763012391424,-103.81745772945297,ancud,cl,2020-01-23,1,46,69.8,10.29
46.91222741849356,-155.26804099954677,kodiak,us,2020-01-23,1,48,19.4,26.4
-12.102749232058585,-19.14665214549518,georgetown,sh,2020-01-23,70,84,79.12,19.62
84.51181119644338,76.95037619159893,dikson,ru,2020-01-23,100,96,-11.16,13.65
78.44823124787709,102.33963223876498,khatanga,ru,2020-01-23,100,86,-25.46,9.04
12.717294009328896,-117.55125258086821,cabo san lucas,mx,2020-01-23,20,60,73,10.29
-18.355147076444553,-155.16568317882636,vaitape,pf,2020-01-23,20,76,81.99,10.98
65.26541998586848,-132.1252530830105,inuvik,ca,2020-01-23,90,76,-11.2,5.3
-50.02918562137408,102.30419008657708,busselton,au,2020-01-23,0,61,57.99,10.2
-24.821917440802665,7.89324417107423,walvis bay,na,2020-01-23,0,88,66,4.7
15.516299434261072,115.01348536827572,aloleng,ph,2020-01-23,21,80,67.51,5.06
-52.82499089518462,135.63930068162085,new norfolk,au,2020-01-23,40,54,61,17.22
-24.393258543075206,151.77099546898484,bundaberg,au,2020-01-23,90,83,84,10.29
-87.56316721942707,-7.759160559814461,hermanus,za,2020-01-23,0,80,70,11.99
15.691747395582254,166.77181979299382,butaritari,ki,2020-01-23,27,72,84.52,9.55
60.26172590106668,125.12167735295031,nizhniy kuranakh,ru,2020-01-23,100,99,-25.37,1.54
58.57740992794638,-43.91451492715268,nanortalik,gl,2020-01-23,100,93,25.65,13.44
36.69147588034717,-160.70986623609383,kapaa,us,2020-01-23,75,65,78.8,12.75
-71.77746445988579,-56.65683943562496,ushuaia,ar,2020-01-23,75,71,50,24.16
-14.250459007308265,90.98821864175557,bengkulu,id,2020-01-23,91,93,73.54,3.62
52.07104192213697,174.55610683964602,nikolskoye,ru,2020-01-23,90,89,33.01,8.95
-62.000712867108746,172.64956644447363,kaitangata,nz,2020-01-23,97,71,66.99,5.26
83.45994910281422,170.76099661864856,pevek,ru,2020-01-23,100,100,-27.02,3.96
73.99394877564853,-131.09051445505168,tuktoyaktuk,ca,2020-01-23,75,75,-16.6,4.7
22.50009675009933,47.29921461838944,riyadh,sa,2020-01-23,0,40,42.8,7.58
-11.182253003066592,-124.79736819674304,atuona,pf,2020-01-23,72,76,80.94,12.41
-50.57630282680803,168.40400517652006,bluff,nz,2020-01-23,63,68,63.95,3.96
-36.54238253163403,130.06003511861132,flinders,au,2020-01-23,40,69,73.4,13.87
-6.036635463798632,71.02979023676298,hithadhoo,mv,2020-01-23,0,79,84.09,14.65
41.59260084747277,-61.516317268596595,halifax,ca,2020-01-23,20,89,35.01,9.17
-82.44654438346375,81.6313767268511,busselton,au,2020-01-23,0,61,57.99,10.2
-25.851899468282042,-49.03437004649294,sao jose dos pinhais,br,2020-01-23,75,93,64,11.41
47.82772018244637,90.37883436619114,altay,cn,2020-01-23,100,78,10.06,5.3
70.22763555577035,-140.19988269686934,aklavik,ca,2020-01-23,75,75,-11.2,2.24
72.56669913915007,-151.24433627632325,barrow,us,2020-01-23,20,75,-16.6,9.17
22.529703147133674,-10.929477667286449,atar,mr,2020-01-23,100,18,71.53,6.78
37.346621142033726,166.42182626367452,severo-kurilsk,ru,2020-01-23,84,82,13.28,8.12
-49.700464560302585,-91.00604042914551,castro,cl,2020-01-23,4,46,69.8,10.29
77.78580540988395,-123.35389920947999,tuktoyaktuk,ca,2020-01-23,75,75,-16.6,4.7
-30.409754701899132,161.2447437355421,ballina,au,2020-01-23,10,78,86,10.29
40.00433650420413,-18.162387322213647,camacha,pt,2020-01-23,75,72,59,11.41
68.44009218237892,-47.029471607360506,ilulissat,gl,2020-01-23,100,56,12.2,21.92
70.27997458688591,-100.29713874530256,thompson,ca,2020-01-23,20,72,10.4,5.82
77.73510552367156,174.28051170577731,komsomolskiy,ru,2020-01-23,100,72,38.03,17.78
-58.0970954967692,36.62890070110106,port alfred,za,2020-01-23,83,89,66,4
-55.29080662197112,-31.71005606792204,chuy,uy,2020-01-23,0,65,75.65,13.53
54.07577293564796,4.4493631456371645,den helder,nl,2020-01-23,90,93,42.8,5.82
20.435001621132386,84.95812144318847,kantilo,in,2020-01-23,40,100,71.6,2.26
56.73353406129422,51.58452504639348,vavozh,ru,2020-01-23,91,96,11.23,6.78
43.18708630308427,-6.3825366900827305,tineo,es,2020-01-23,100,93,46.99,1.12
2.9305893589291117,-128.06335918861396,atuona,pf,2020-01-23,72,76,80.94,12.41
-64.48912036999988,129.01349892242183,new norfolk,au,2020-01-23,40,54,61,17.22
-39.00861993232721,84.13822132192433,busselton,au,2020-01-23,0,61,57.99,10.2
74.2066177641932,-66.03119749261568,narsaq,gl,2020-01-23,100,57,21.2,17.22
-11.585978413372317,99.28762449068967,bengkulu,id,2020-01-23,91,93,73.54,3.62
-16.051653101365673,115.06711694433898,karratha,au,2020-01-23,22,71,83.75,10.33
36.87628148451441,-140.57964075516398,fortuna,us,2020-01-23,90,82,60.01,3.36
34.301159804398665,-174.85968116203634,kapaa,us,2020-01-23,75,65,78.8,12.75
0.8864475297922922,85.10913659978547,hambantota,lk,2020-01-23,5,100,77,8.05
-81.78211109870075,-44.71041081417127,ushuaia,ar,2020-01-23,75,71,50,24.16
-16.051277584228558,-139.18380874295343,atuona,pf,2020-01-23,72,76,80.94,12.41
11.224752843934866,117.32479306758131,bacungan,ph,2020-01-23,20,88,75.2,5.82
-22.127393904487263,115.02088800334093,karratha,au,2020-01-23,22,71,83.75,10.33
-55.762711664514995,-7.8326374228942655,cape town,za,2020-01-23,0,68,70,6.93
-54.732095728504554,-11.461396901048545,cape town,za,2020-01-23,0,68,70,6.93
25.465144313803805,120.70414521642414,yangmei,tw,2020-01-23,75,100,68,11.41
23.12566713471182,-3.0447857161196055,taoudenni,ml,2020-01-23,100,20,71.55,10.36
-43.2607758360221,123.41526253303385,esperance,au,2020-01-23,90,87,60.8,10.29
51.00087623108644,93.72678782180509,khovu-aksy,ru,2020-01-23,100,83,0.79,10.2
-11.037002936039656,-53.04198338029367,alta floresta,br,2020-01-23,40,74,84.2,9.17
80.92586851888038,129.5431588563581,tiksi,ru,2020-01-23,8,83,-28.89,3.62
11.25254298452468,90.8437274910275,port blair,in,2020-01-23,50,94,75.2,15.7
39.029350599379455,-134.69083727114213,fortuna,us,2020-01-23,90,82,60.01,3.36
24.417561262974786,128.32355000861457,itoman,jp,2020-01-23,40,93,66.2,3.36
-19.93786164999203,172.06871701085925,isangel,vu,2020-01-23,20,69,82.4,5.82
-50.609218559426374,10.889940806353167,hermanus,za,2020-01-23,0,80,70,11.99
24.97899197266618,51.60560002059751,doha,qa,2020-01-23,75,67,60.8,10.29
-37.26485195909915,-37.889455294553755,laguna,br,2020-01-23,100,96,66.09,0.45
-0.2389542245027485,-99.47432187328258,puerto ayora,ec,2020-01-23,75,62,84.2,4.7
-25.90782059815183,178.88495902705847,russell,nz,2020-01-23,11,66,84,1.99
38.73332379447757,98.93412740635682,jiuquan,cn,2020-01-23,16,30,13.1,3.6
-12.83190675275712,-10.223749143634166,jamestown,sh,2020-01-23,100,72,74.01,11.95
-26.714229739679148,176.84228579153734,kaeo,nz,2020-01-23,0,72,84,1.79
-19.850519745797328,-137.69278037436032,rikitea,pf,2020-01-23,0,77,79.5,16.91
-60.676129712234314,-58.15137296358692,ushuaia,ar,2020-01-23,75,71,50,24.16
69.93840441427977,-35.07792418576014,tasiilaq,gl,2020-01-23,0,43,15.8,14.99
-82.34296401207352,41.8783233644435,port alfred,za,2020-01-23,83,89,66,4
5.814103699959716,166.82439615112713,butaritari,ki,2020-01-23,27,72,84.52,9.55
-79.76386818571957,20.0150055700164,bredasdorp,za,2020-01-23,57,77,68,11.41
-70.87807133974201,95.80303670357807,busselton,au,2020-01-23,0,61,57.99,10.2
-38.619484317041994,-20.454407144179527,arraial do cabo,br,2020-01-23,90,94,73.4,2.24
7.651085404757225,-27.19735451186611,sao filipe,cv,2020-01-23,3,78,71.82,10.33
10.414864764323383,-53.19394641779421,mana,gf,2020-01-23,69,67,78.94,6.38
69.24315805859325,-112.34328963257201,yellowknife,ca,2020-01-23,40,76,-4,8.05
62.53639745485606,-33.61243984317301,tasiilaq,gl,2020-01-23,0,43,15.8,14.99
18.670572379775663,104.55280751625429,ban nahin,la,2020-01-23,97,52,75.96,6.4
61.00370887776353,75.54944538670884,megion,ru,2020-01-23,90,86,26.6,13.42
35.50749987577413,172.38019701636364,nikolskoye,ru,2020-01-23,90,89,33.01,8.95
-28.483660045663335,170.94362412460208,vao,nc,2020-01-23,100,71,77.85,15.03
-83.61286811558415,-63.327929729025286,ushuaia,ar,2020-01-23,75,71,50,24.16
62.87804382262368,-19.979987565028665,vestmannaeyjar,is,2020-01-23,100,66,34.29,43.73
-28.020134898158815,-48.48095917567642,imbituba,br,2020-01-23,75,94,71.6,9.17
26.92802785632925,-144.98975366734555,hilo,us,2020-01-23,90,61,80.6,9.17
48.81487123094604,-43.934148044548664,torbay,ca,2020-01-23,75,79,26.01,13.87
60.60896492843716,-73.15359003252398,iqaluit,ca,2020-01-23,5,60,-27.4,29.97
-24.347500934672496,-63.144105680714105,san ramon de la nueva oran,ar,2020-01-23,84,56,85.08,1.81
-81.21524271731717,19.77455184732719,bredasdorp,za,2020-01-23,57,77,68,11.41
18.691244279068343,-124.0485693271797,guerrero negro,mx,2020-01-23,0,38,70.81,3.83
24.960991753506306,-129.37163427997046,lompoc,us,2020-01-23,1,63,75,6.93
-8.088620861834812,64.17224337782153,victoria,sc,2020-01-23,40,83,84.2,3.36
43.27160593744807,105.57422725062696,mandalgovi,mn,2020-01-23,46,76,3.4,6.76
61.55218262371801,87.17975427728248,belyy yar,ru,2020-01-23,100,78,15.8,4.47
-84.92532684337134,-131.84971144035416,rikitea,pf,2020-01-23,0,77,79.5,16.91
-13.464524466953705,-36.239584326205545,conde,br,2020-01-23,20,78,82.4,9.17
24.701388131147993,147.86423612723223,katsuura,jp,2020-01-23,75,81,50,4.7
14.142341959382648,-129.28451639244764,guerrero negro,mx,2020-01-23,0,38,70.81,3.83
69.21929573840939,47.15696019863009,mezen,ru,2020-01-23,56,93,7.74,3.67
60.3945183883755,-144.7995435221037,palmer,us,2020-01-23,90,55,39.99,4.5
84.90345495681862,111.55641019683281,saskylakh,ru,2020-01-23,53,93,-34.51,12.93
28.665912395239886,116.60197398162694,nanchang,cn,2020-01-23,100,92,49.86,11.83
46.97753820493432,-113.95898940811999,missoula,us,2020-01-23,90,96,39.99,3.24
89.73115084644215,-152.72385269294733,barrow,us,2020-01-23,20,75,-16.6,9.17
31.71084347269337,9.769073400280774,nalut,ly,2020-01-23,10,28,55.38,13.6
18.311056713799672,162.16949070258318,butaritari,ki,2020-01-23,27,72,84.52,9.55
80.55893880137165,112.81849668517737,saskylakh,ru,2020-01-23,53,93,-34.51,12.93
88.58601113148853,161.35562879158977,cherskiy,ru,2020-01-23,44,93,-37.68,4.9
6.649449706600848,72.37524190581598,kulhudhuffushi,mv,2020-01-23,16,77,83.48,19.35
-86.96653362835369,52.90827566449201,port alfred,za,2020-01-23,83,89,66,4
